[
  {
    "value": "Home",
    "synonyms": [
      "Home",
      "Home Page",
      "Front Page",
      "Landing Page"
    ]
  },
  {
    "value": "hats",
    "synonyms": [
      "Hats",
      "Cap",
      "Visor"
    ]
  },
  {
    "value": "sweatshirts",
    "synonyms": [
      "Sweatshirts",
      "Hoodie",
      "Warm Shirts"
    ]
  },
  {
    "value": "plushes",
    "synonyms": [
      "Plushes",
      "Soft Toy",
      "Toy",
      "Pillow",
      "Keychain"
    ]
  },
  {
    "value": "leggings",
    "synonyms": [
      "Leggings",
      "Tights"
    ]
  },
  {
    "value": "tees",
    "synonyms": [
      "Tees",
      "T-Shirt",
      "Shirt",
      "Tops"
    ]
  },
  {
    "value": "bottoms",
    "synonyms": [
      "Bottoms",
      "Shorts",
      "Sweatpants",
      "Joggers",
      "Pants"
    ]
  },
  {
    "value": "cart",
    "synonyms": [
      "Cart",
      "Cart Page",
      "Shopping Cart",
      "Shopping List",
      "My cart"
    ]
  }
]