[
  {
    "id": "26165028-66e8-4c59-87ea-5afa24ccc2b0",
    "data": [
      {
        "text": "I want to review my purchase",
        "userDefined": false
      }
    ],
    "isTemplate": false,
    "count": 0,
    "updated": 0
  },
  {
    "id": "d740df8c-d072-4c3b-ba52-9abe77ad10ef",
    "data": [
      {
        "text": "I would like to checkout",
        "userDefined": false
      }
    ],
    "isTemplate": false,
    "count": 0,
    "updated": 0
  },
  {
    "id": "4f7f9256-6559-4dd6-8738-286173563f25",
    "data": [
      {
        "text": "Buy all items",
        "userDefined": false
      }
    ],
    "isTemplate": false,
    "count": 0,
    "updated": 0
  },
  {
    "id": "3d292435-456a-4eec-bc9e-ab64fd2dc5e6",
    "data": [
      {
        "text": "buy items in ",
        "userDefined": false
      },
      {
        "text": "cart",
        "meta": "@sys.ignore",
        "userDefined": false
      }
    ],
    "isTemplate": false,
    "count": 0,
    "updated": 0
  },
  {
    "id": "7cc4f5e8-7d23-4278-b780-aa751ffe7182",
    "data": [
      {
        "text": "Review purchase",
        "userDefined": false
      }
    ],
    "isTemplate": false,
    "count": 0,
    "updated": 0
  },
  {
    "id": "2410c897-6292-4be0-9f75-9ec80dfab382",
    "data": [
      {
        "text": "Checkout",
        "userDefined": false
      }
    ],
    "isTemplate": false,
    "count": 0,
    "updated": 0
  }
]