[
  {
    "id": "c51d58e2-a29b-4ce7-8b84-836a5d0da378",
    "data": [
      {
        "text": "clear log",
        "userDefined": false
      }
    ],
    "isTemplate": false,
    "count": 0,
    "updated": 0
  },
  {
    "id": "f967f7c6-9753-47ca-9608-18a4cb9a26b8",
    "data": [
      {
        "text": "delete chat log",
        "userDefined": false
      }
    ],
    "isTemplate": false,
    "count": 0,
    "updated": 0
  },
  {
    "id": "804489b8-fd3a-4379-8207-f7c54155f7b8",
    "data": [
      {
        "text": "delete message log",
        "userDefined": false
      }
    ],
    "isTemplate": false,
    "count": 0,
    "updated": 0
  },
  {
    "id": "8921e566-ea5f-4bed-b2a5-1cf6cc2d1ed0",
    "data": [
      {
        "text": "delete messages",
        "userDefined": false
      }
    ],
    "isTemplate": false,
    "count": 0,
    "updated": 0
  },
  {
    "id": "f0f442b8-e620-4b5a-bd15-5063245a4909",
    "data": [
      {
        "text": "clear message log",
        "userDefined": false
      }
    ],
    "isTemplate": false,
    "count": 0,
    "updated": 0
  },
  {
    "id": "a215555d-0c58-4390-9e4d-7b3076aad23e",
    "data": [
      {
        "text": "clear the log",
        "userDefined": false
      }
    ],
    "isTemplate": false,
    "count": 0,
    "updated": 0
  },
  {
    "id": "1a604aee-2b6d-4622-82c0-c65dacf1f19e",
    "data": [
      {
        "text": "Clear messages",
        "userDefined": false
      }
    ],
    "isTemplate": false,
    "count": 0,
    "updated": 0
  }
]