[
  {
    "id": "330f30af-83fc-4ffd-8403-459c583ac655",
    "data": [
      {
        "text": "remove all products from ",
        "userDefined": false
      },
      {
        "text": "cart",
        "meta": "@sys.ignore",
        "userDefined": false
      }
    ],
    "isTemplate": false,
    "count": 0,
    "updated": 0
  },
  {
    "id": "bcebd97b-64b1-4671-8a75-e925e7add599",
    "data": [
      {
        "text": "remove all items from ",
        "userDefined": false
      },
      {
        "text": "cart",
        "meta": "@sys.ignore",
        "userDefined": false
      }
    ],
    "isTemplate": false,
    "count": 0,
    "updated": 0
  },
  {
    "id": "485610ad-79cf-47e1-86fc-30cac0b882d9",
    "data": [
      {
        "text": "empty the ",
        "userDefined": false
      },
      {
        "text": "cart",
        "meta": "@sys.ignore",
        "userDefined": false
      }
    ],
    "isTemplate": false,
    "count": 0,
    "updated": 0
  },
  {
    "id": "54bd9ee2-0a19-477a-b0db-9dcbc6ebd333",
    "data": [
      {
        "text": "Remove everything from ",
        "userDefined": false
      },
      {
        "text": "cart",
        "meta": "@sys.ignore",
        "userDefined": false
      }
    ],
    "isTemplate": false,
    "count": 0,
    "updated": 0
  },
  {
    "id": "186b20bd-03a9-4e26-bae5-fc1200a3f568",
    "data": [
      {
        "text": "clear all products from ",
        "userDefined": false
      },
      {
        "text": "cart",
        "meta": "@sys.ignore",
        "userDefined": false
      }
    ],
    "isTemplate": false,
    "count": 0,
    "updated": 0
  },
  {
    "id": "d5d27497-f576-482a-83f8-249e4e448085",
    "data": [
      {
        "text": "Clear all items from ",
        "userDefined": false
      },
      {
        "text": "cart",
        "meta": "@sys.ignore",
        "userDefined": false
      }
    ],
    "isTemplate": false,
    "count": 0,
    "updated": 0
  },
  {
    "id": "7948d983-dffb-4f32-9244-db08abed8519",
    "data": [
      {
        "text": "Clear ",
        "userDefined": false
      },
      {
        "text": "cart",
        "meta": "@sys.ignore",
        "userDefined": false
      }
    ],
    "isTemplate": false,
    "count": 0,
    "updated": 0
  }
]