[
  {
    "id": "a73ba64d-9161-4f27-9c74-6a835c303305",
    "data": [
      {
        "text": "help",
        "userDefined": false
      }
    ],
    "isTemplate": false,
    "count": 0,
    "updated": 0
  },
  {
    "id": "c99b32e3-d38f-488a-918c-1eeb37e84818",
    "data": [
      {
        "text": "show list of commands",
        "userDefined": false
      }
    ],
    "isTemplate": false,
    "count": 0,
    "updated": 0
  },
  {
    "id": "bd58cc0a-eebd-459d-a76a-71197d1e4a57",
    "data": [
      {
        "text": "Can you help me?",
        "userDefined": false
      }
    ],
    "isTemplate": false,
    "count": 0,
    "updated": 0
  },
  {
    "id": "958fc615-57b0-493b-b802-c511785b324c",
    "data": [
      {
        "text": "What can I say?",
        "userDefined": false
      }
    ],
    "isTemplate": false,
    "count": 0,
    "updated": 0
  },
  {
    "id": "2711ac2c-fb23-4d95-af4b-b95b09d61f18",
    "data": [
      {
        "text": "show help",
        "userDefined": false
      }
    ],
    "isTemplate": false,
    "count": 0,
    "updated": 0
  },
  {
    "id": "a55eb712-6b02-4f1a-abe1-c326a9aa0d3f",
    "data": [
      {
        "text": "show commands",
        "userDefined": false
      }
    ],
    "isTemplate": false,
    "count": 0,
    "updated": 0
  }
]