[
  {
    "id": "c40a6c78-2f61-4dd5-a423-d13835e80a94",
    "data": [
      {
        "text": "Log in",
        "userDefined": false
      }
    ],
    "isTemplate": false,
    "count": 0,
    "updated": 0
  },
  {
    "id": "26ba97e1-4e8b-47df-86e0-f2550b3b584c",
    "data": [
      {
        "text": "Sign in",
        "userDefined": false
      }
    ],
    "isTemplate": false,
    "count": 0,
    "updated": 0
  },
  {
    "id": "a1e0a0c7-6906-4a68-9e64-5194ae9047d2",
    "data": [
      {
        "text": "Login",
        "userDefined": false
      }
    ],
    "isTemplate": false,
    "count": 0,
    "updated": 0
  },
  {
    "id": "fafe78fd-85a8-4e03-95ad-c8380cbee1b4",
    "data": [
      {
        "text": "Sign in ",
        "userDefined": false
      },
      {
        "text": "purple",
        "alias": "username",
        "meta": "@username",
        "userDefined": false
      }
    ],
    "isTemplate": false,
    "count": 0,
    "updated": 0
  },
  {
    "id": "d5f27c2d-d089-44a9-a874-c08a36e19a32",
    "data": [
      {
        "text": "Log in ",
        "userDefined": false
      },
      {
        "text": "purple",
        "alias": "username",
        "meta": "@username",
        "userDefined": false
      }
    ],
    "isTemplate": false,
    "count": 0,
    "updated": 0
  },
  {
    "id": "5db5a7e8-6dff-4fe0-a813-7d8da6a43079",
    "data": [
      {
        "text": "Sign in with username ",
        "userDefined": false
      },
      {
        "text": "purple",
        "alias": "username",
        "meta": "@username",
        "userDefined": false
      }
    ],
    "isTemplate": false,
    "count": 0,
    "updated": 0
  },
  {
    "id": "ed6ec2fd-09b9-468b-b2ab-bce71a8cf640",
    "data": [
      {
        "text": "Login with username ",
        "userDefined": false
      },
      {
        "text": "purple",
        "alias": "username",
        "meta": "@username",
        "userDefined": false
      }
    ],
    "isTemplate": false,
    "count": 0,
    "updated": 0
  },
  {
    "id": "76dd432d-feda-4229-b0a7-595ee9eeb07e",
    "data": [
      {
        "text": "Sign in with ",
        "userDefined": false
      },
      {
        "text": "purple",
        "alias": "username",
        "meta": "@username",
        "userDefined": false
      }
    ],
    "isTemplate": false,
    "count": 0,
    "updated": 0
  },
  {
    "id": "83dfbb7f-b227-4e08-9858-ae2c3e6dc34c",
    "data": [
      {
        "text": "Login with ",
        "userDefined": false
      },
      {
        "text": "purple",
        "alias": "username",
        "meta": "@username",
        "userDefined": false
      }
    ],
    "isTemplate": false,
    "count": 0,
    "updated": 0
  }
]