[
  {
    "id": "e4682a90-c30b-48aa-a085-4cc2a91fcf77",
    "data": [
      {
        "text": "show me ",
        "userDefined": false
      },
      {
        "text": "my cart",
        "alias": "page",
        "meta": "@page",
        "userDefined": false
      }
    ],
    "isTemplate": false,
    "count": 0,
    "updated": 0
  },
  {
    "id": "f80ac58c-1eb1-4f48-bf8c-fadaf22fc8aa",
    "data": [
      {
        "text": "show me the ",
        "userDefined": false
      },
      {
        "text": "hats",
        "alias": "page",
        "meta": "@page",
        "userDefined": false
      }
    ],
    "isTemplate": false,
    "count": 0,
    "updated": 0
  },
  {
    "id": "cf3c142b-f07c-469d-938c-88ec6f09a878",
    "data": [
      {
        "text": "navigate to ",
        "userDefined": false
      },
      {
        "text": "leggings",
        "alias": "page",
        "meta": "@page",
        "userDefined": false
      },
      {
        "text": " page",
        "userDefined": false
      }
    ],
    "isTemplate": false,
    "count": 0,
    "updated": 0
  },
  {
    "id": "82b5d545-48ce-4cd8-8ff0-80d6d5236735",
    "data": [
      {
        "text": "Display all the ",
        "userDefined": false
      },
      {
        "text": "toys",
        "alias": "page",
        "meta": "@page",
        "userDefined": false
      }
    ],
    "isTemplate": false,
    "count": 0,
    "updated": 0
  },
  {
    "id": "217912fd-5fad-4fd3-a8d5-0a1dc83108f0",
    "data": [
      {
        "text": "show me all the ",
        "userDefined": false
      },
      {
        "text": "pants",
        "alias": "page",
        "meta": "@page",
        "userDefined": true
      }
    ],
    "isTemplate": false,
    "count": 0,
    "updated": 0
  },
  {
    "id": "fdc9c4a1-f25d-4266-9d20-da0c1c5c757e",
    "data": [
      {
        "text": "show me ",
        "userDefined": false
      },
      {
        "text": "hats",
        "alias": "page",
        "meta": "@page",
        "userDefined": false
      }
    ],
    "isTemplate": false,
    "count": 0,
    "updated": 0
  },
  {
    "id": "242cc2f4-49da-4eb6-a652-438adc4a6ae8",
    "data": [
      {
        "text": "navigate to ",
        "userDefined": false
      },
      {
        "text": "shirts",
        "alias": "page",
        "meta": "@page",
        "userDefined": false
      }
    ],
    "isTemplate": false,
    "count": 0,
    "updated": 0
  },
  {
    "id": "6c3253a5-24bb-4022-9923-cdcf4e28833b",
    "data": [
      {
        "text": "navigate to ",
        "userDefined": false
      },
      {
        "text": "home",
        "alias": "page",
        "meta": "@page",
        "userDefined": false
      }
    ],
    "isTemplate": false,
    "count": 0,
    "updated": 0
  },
  {
    "id": "6e9ef413-20c4-4014-a094-28f2c9bdaf6a",
    "data": [
      {
        "text": "bring me to ",
        "userDefined": false
      },
      {
        "text": "cap",
        "alias": "page",
        "meta": "@page",
        "userDefined": true
      }
    ],
    "isTemplate": false,
    "count": 0,
    "updated": 0
  },
  {
    "id": "27ab07eb-6dd2-4e7f-97f6-bcefda1c60b6",
    "data": [
      {
        "text": "bring me to the ",
        "userDefined": false
      },
      {
        "text": "cap",
        "alias": "page",
        "meta": "@page",
        "userDefined": true
      },
      {
        "text": " page",
        "userDefined": false
      }
    ],
    "isTemplate": false,
    "count": 0,
    "updated": 0
  },
  {
    "id": "7b8a2542-62d8-4b32-97ad-38d3f28357ee",
    "data": [
      {
        "text": "take me to the ",
        "userDefined": false
      },
      {
        "text": "home page",
        "alias": "page",
        "meta": "@page",
        "userDefined": false
      }
    ],
    "isTemplate": false,
    "count": 0,
    "updated": 0
  },
  {
    "id": "b4e9b569-161b-47da-930d-4194d7651f6d",
    "data": [
      {
        "text": "Take me ",
        "userDefined": false
      },
      {
        "text": "home",
        "alias": "page",
        "meta": "@page",
        "userDefined": false
      }
    ],
    "isTemplate": false,
    "count": 0,
    "updated": 0
  }
]