[
  {
    "id": "1b7be25c-e859-47f0-bb71-78e855268dde",
    "data": [
      {
        "text": "it is ",
        "userDefined": false
      },
      {
        "text": "pencil",
        "alias": "password",
        "meta": "@password",
        "userDefined": false
      }
    ],
    "isTemplate": false,
    "count": 0,
    "updated": 0
  },
  {
    "id": "03ab93ca-8a90-4406-969d-e88508add08b",
    "data": [
      {
        "text": "password ",
        "userDefined": false
      },
      {
        "text": "pencil",
        "alias": "password",
        "meta": "@password",
        "userDefined": false
      }
    ],
    "isTemplate": false,
    "count": 0,
    "updated": 0
  },
  {
    "id": "3ca9d3c8-b3be-42a6-b43f-4998ef3246c1",
    "data": [
      {
        "text": "pencil",
        "alias": "password",
        "meta": "@password",
        "userDefined": false
      }
    ],
    "isTemplate": false,
    "count": 0,
    "updated": 0
  },
  {
    "id": "7a548c80-bb9c-4c5c-b2af-702e8256937d",
    "data": [
      {
        "text": "password is ",
        "userDefined": false
      },
      {
        "text": "pencil",
        "alias": "password",
        "meta": "@password",
        "userDefined": false
      }
    ],
    "isTemplate": false,
    "count": 0,
    "updated": 0
  }
]