[
  {
    "id": "0638bdf9-5af8-4237-9c8c-047250abd88e",
    "data": [
      {
        "text": "go to previous page",
        "userDefined": false
      }
    ],
    "isTemplate": false,
    "count": 0,
    "updated": 0
  },
  {
    "id": "e5e9f7a5-7ddd-41b9-85e0-1bbaf1fddff4",
    "data": [
      {
        "text": "Go a page back",
        "userDefined": false
      }
    ],
    "isTemplate": false,
    "count": 0,
    "updated": 0
  },
  {
    "id": "fa70786c-1960-4f15-a1b3-03dd2cef6e25",
    "data": [
      {
        "text": "previous page",
        "userDefined": false
      }
    ],
    "isTemplate": false,
    "count": 0,
    "updated": 0
  },
  {
    "id": "610a962f-2517-4a4f-81f2-a6461c2c6e58",
    "data": [
      {
        "text": "go back",
        "userDefined": false
      }
    ],
    "isTemplate": false,
    "count": 0,
    "updated": 0
  },
  {
    "id": "0156ca32-43fc-4a9a-aceb-173ebedadfb8",
    "data": [
      {
        "text": "back page",
        "userDefined": false
      }
    ],
    "isTemplate": false,
    "count": 0,
    "updated": 0
  },
  {
    "id": "c73d40b1-8726-473e-a797-65da520b9fab",
    "data": [
      {
        "text": "Return page",
        "userDefined": false
      }
    ],
    "isTemplate": false,
    "count": 0,
    "updated": 0
  },
  {
    "id": "b89a5708-9e28-4c32-8da3-4ed9fa9ce9a1",
    "data": [
      {
        "text": "return to previous page",
        "userDefined": false
      }
    ],
    "isTemplate": false,
    "count": 0,
    "updated": 0
  },
  {
    "id": "904f3172-6dd8-485f-b549-35a976ad056c",
    "data": [
      {
        "text": "Take me back",
        "userDefined": false
      }
    ],
    "isTemplate": false,
    "count": 0,
    "updated": 0
  }
]