[
  {
    "id": "c4c1b0cf-c241-4b29-ad5c-9f12825cc4ff",
    "data": [
      {
        "text": "What ",
        "userDefined": false
      },
      {
        "text": "types",
        "alias": "type",
        "meta": "@type",
        "userDefined": true
      },
      {
        "text": " of products are there?",
        "userDefined": false
      }
    ],
    "isTemplate": false,
    "count": 0,
    "updated": 0
  },
  {
    "id": "dba8e1b3-f671-4db7-8385-a59486ac8a80",
    "data": [
      {
        "text": "Can you list all ",
        "userDefined": false
      },
      {
        "text": "categories",
        "alias": "type",
        "meta": "@type",
        "userDefined": true
      },
      {
        "text": "?",
        "userDefined": false
      }
    ],
    "isTemplate": false,
    "count": 0,
    "updated": 0
  },
  {
    "id": "b328ca2c-ce38-4197-9a85-f315e80e364d",
    "data": [
      {
        "text": "Show a list of all ",
        "userDefined": false
      },
      {
        "text": "categories",
        "alias": "type",
        "meta": "@type",
        "userDefined": true
      }
    ],
    "isTemplate": false,
    "count": 0,
    "updated": 0
  },
  {
    "id": "7817b4ce-e86c-454a-8485-014162aaa6e8",
    "data": [
      {
        "text": "Show a list of ",
        "userDefined": false
      },
      {
        "text": "categories",
        "alias": "type",
        "meta": "@type",
        "userDefined": true
      }
    ],
    "isTemplate": false,
    "count": 0,
    "updated": 0
  },
  {
    "id": "73aecabf-31e5-4b0d-a986-60df4088500a",
    "data": [
      {
        "text": "What are the ",
        "userDefined": false
      },
      {
        "text": "categories",
        "alias": "type",
        "meta": "@type",
        "userDefined": true
      },
      {
        "text": " of products?",
        "userDefined": false
      }
    ],
    "isTemplate": false,
    "count": 0,
    "updated": 0
  },
  {
    "id": "7306df67-231e-4565-848b-bf6a37f00ac8",
    "data": [
      {
        "text": "Show me all the ",
        "userDefined": false
      },
      {
        "text": "categories",
        "alias": "type",
        "meta": "@type",
        "userDefined": true
      }
    ],
    "isTemplate": false,
    "count": 0,
    "updated": 0
  },
  {
    "id": "c84f0061-b8b6-49d3-8e60-34a12d8b0ccc",
    "data": [
      {
        "text": "Show me all ",
        "userDefined": false
      },
      {
        "text": "categories",
        "alias": "type",
        "meta": "@type",
        "userDefined": true
      }
    ],
    "isTemplate": false,
    "count": 0,
    "updated": 0
  },
  {
    "id": "f8180a39-22fb-4b94-92b5-9c9ed85cf21e",
    "data": [
      {
        "text": "What ",
        "userDefined": false
      },
      {
        "text": "categories",
        "alias": "type",
        "meta": "@type",
        "userDefined": true
      },
      {
        "text": " are there?",
        "userDefined": false
      }
    ],
    "isTemplate": false,
    "count": 0,
    "updated": 0
  }
]