[
  {
    "id": "c68d35b4-b9fe-4cd8-8da2-fd8c571d3b73",
    "data": [
      {
        "text": "display tags for ",
        "userDefined": false
      },
      {
        "text": "hats",
        "alias": "page",
        "meta": "@page",
        "userDefined": false
      }
    ],
    "isTemplate": false,
    "count": 0,
    "updated": 0
  },
  {
    "id": "81f4c99b-9843-4064-85a5-8c86bf7b04ed",
    "data": [
      {
        "text": "Display all tags for ",
        "userDefined": false
      },
      {
        "text": "hats",
        "alias": "page",
        "meta": "@page",
        "userDefined": false
      }
    ],
    "isTemplate": false,
    "count": 0,
    "updated": 0
  },
  {
    "id": "2567ce2d-4c04-4069-aad6-e1e5f8274222",
    "data": [
      {
        "text": "show tags ",
        "userDefined": false
      },
      {
        "text": "hats",
        "alias": "page",
        "meta": "@page",
        "userDefined": false
      }
    ],
    "isTemplate": false,
    "count": 0,
    "updated": 0
  },
  {
    "id": "d67235e0-d186-48b7-8fca-5f7e71842294",
    "data": [
      {
        "text": "Show all tags for ",
        "userDefined": false
      },
      {
        "text": "hats",
        "alias": "page",
        "meta": "@page",
        "userDefined": false
      }
    ],
    "isTemplate": false,
    "count": 0,
    "updated": 0
  },
  {
    "id": "1d5ec72b-1d5c-487d-9e17-ad3b32c5ec1e",
    "data": [
      {
        "text": "Show me all the tags for ",
        "userDefined": false
      },
      {
        "text": "hats",
        "alias": "page",
        "meta": "@page",
        "userDefined": false
      }
    ],
    "isTemplate": false,
    "count": 0,
    "updated": 0
  }
]