[
  {
    "id": "0c1162f0-2ada-4495-b1d9-91a41762fcdb",
    "data": [
      {
        "text": "Appreciate the help",
        "userDefined": false
      }
    ],
    "isTemplate": false,
    "count": 0,
    "updated": 0
  },
  {
    "id": "f2a7bdf1-e6f2-46ff-a9c3-ea63f3fd0268",
    "data": [
      {
        "text": "Thank you",
        "userDefined": false
      }
    ],
    "isTemplate": false,
    "count": 0,
    "updated": 0
  },
  {
    "id": "5148ca6c-13a6-4ff5-8c96-148d3d3a8428",
    "data": [
      {
        "text": "Thanks",
        "userDefined": false
      }
    ],
    "isTemplate": false,
    "count": 0,
    "updated": 0
  }
]